{
    "version": 1,
    "disable_existing_loggers": false,
    "formatters": {
        "simple": {
            "format": "%(asctime)s - %(levelname)s - %(message)s",
            "datefmt": "%Y-%m-%d %H:%M:%S"
        }
    },

    "handlers": {
        "consoleHandler": {
            "class": "logging.StreamHandler",
            "level": "DEBUG",
            "formatter": "simple",
            "stream": "ext://sys.stdout"
        },
        "fileHandler": {
            "class": "logging.FileHandler",
            "level": "DEBUG",
            "formatter": "simple"
        }
    },

    "loggers": {
        "__main__": {
            "level": "DEBUG",
            "handlers": ["consoleHandler", "fileHandler"],
            "propagate": false,
            "filemode": "a"
        }
    },

    "root": {
        "level": "DEBUG"
    }
}